created_at,entry_id,current,voltage,vibration,temperature,latitude,longitude,relay_status,humidity,failure
2022-03-15T17:17:51+05:30,1,1.938088928,238.64746,0,37.11844,,,1,25,yes
2022-03-15T17:18:07+05:30,2,2.352602899,215.625,0,37.36264,,,0,25,no
2022-03-15T17:18:24+05:30,3,3.65492562,152.06055,0,37.24054,,,0,46,no
2022-03-15T17:18:41+05:30,4,2.42001068,195.74707,0,37.11844,,,0,26,no
2022-03-15T17:19:00+05:30,5,2.632626649,177.10449,0,37.11844,,,0,26,no
2022-03-15T17:28:39+05:30,6,2.594516267,212.77184,0,37.11844,,,0,20,no
2022-03-15T17:28:56+05:30,7,2.124485542,212.44202,0,37.11844,,,0,24,no
2022-03-15T17:29:12+05:30,8,2.048032873,213.0874,0,37.11844,,,0,23,no
2022-03-15T17:29:29+05:30,9,4.60992094,235.75705,0,37.11844,,,0,23,yes
2022-03-15T17:29:45+05:30,10,4.235678,232.78405,0,37.11844,,,0,23,yes
2022-03-15T18:47:36+05:30,11,4.19442425,236.9448,0,35.77534,,,0,34,no
2022-03-16T13:45:46+05:30,12,0.98371009,557.38983,1,70.665675,,,1,35,yes
2022-03-16T13:46:06+05:30,13,0.789846693,557.24738,1,60.78945,,,1,34,yes
2022-03-16T13:46:25+05:30,14,0.893766608,555.05542,1,500,,,1,34,yes
2022-03-16T13:46:42+05:30,15,0.969823664,553.83264,1,500,,,1,34,yes
2022-03-16T13:48:11+05:30,16,0.986115272,556.03033,1,500,,,1,33,yes
2022-03-16T13:48:45+05:30,17,0.988023742,554.9563,1,500,,,1,34,yes
2022-03-16T13:52:17+05:30,18,1.152692671,459.49802,1,500,,,1,29,yes
2022-03-16T13:52:36+05:30,19,1.161767227,459.11951,1,500,,,1,30,yes
2022-03-16T13:52:56+05:30,20,0.902215825,458.9035,1,500,,,1,29,yes
2022-03-16T13:53:12+05:30,21,1.077184692,446.6922,1,500,,,1,29,yes
2022-03-16T13:53:30+05:30,22,1.010178127,446.78259,1,500,,,1,28,yes
2022-03-16T13:56:21+05:30,23,0.81057854,561.40149,1,500,,,1,26,yes
2022-03-16T13:59:32+05:30,24,0.7892283,694.74194,1,494.38339,,,1,27,yes
2022-03-16T13:59:48+05:30,25,0.917939531,564.81934,1,500,,,1,27,yes
2022-03-16T14:00:05+05:30,26,0.803819376,552.20117,1,500,,,1,26,yes
2022-03-16T14:00:25+05:30,27,0.982045153,554.53662,1,500,,,1,27,yes
2022-03-16T14:00:41+05:30,28,0.788871655,676.14294,1,500,,,1,27,yes
2022-03-16T14:01:27+05:30,29,0.682296944,612.28473,1,500,,,1,27,yes
2022-03-16T14:01:44+05:30,30,0.72813621,614.72015,1,500,,,1,27,yes
2022-03-16T16:00:37+05:30,31,4.32665443,234.93116,0,50.18315,,,0,22,yes
2022-03-17T13:31:12+05:30,32,2.063722412,229.54153,0,32.96703,,,0,31,no
2022-03-17T13:31:29+05:30,33,1.896855499,230.07024,0,32.60073,,,0,31,no
2022-03-17T13:31:45+05:30,34,1.934661554,229.43031,0,32.47863,,,0,31,no
2022-03-17T13:32:02+05:30,35,2.404565905,229.5799,0,33.45543,,,0,30,no
2022-03-17T13:32:19+05:30,36,1.769345836,229.78549,0,33.21124,,,0,31,no
2022-03-17T13:32:39+05:30,37,2.241210876,229.67049,0,33.08913,,,0,30,no
2022-03-17T13:32:56+05:30,38,1.837685969,229.3591,0,33.21124,,,0,31,no
2022-03-17T13:33:13+05:30,39,1.752393467,229.87988,0,32.47863,,,0,31,no
2022-03-17T13:33:29+05:30,40,1.985433118,229.19936,0,33.33333,,,0,31,no
2022-03-17T13:33:46+05:30,41,1.839672994,229.11137,0,33.69963,,,0,31,no
2022-03-17T13:34:03+05:30,42,2.098989399,229.23889,0,32.47863,,,0,31,no
2022-03-17T13:34:20+05:30,43,2.281038139,228.93085,0,33.33333,,,0,30,no
2022-03-17T13:34:37+05:30,44,2.366771879,228.51801,0,33.21124,,,0,30,no
2022-03-17T13:34:54+05:30,45,2.399669243,228.49399,0,33.94383,,,0,30,no
2022-03-17T13:35:10+05:30,46,1.784728245,227.80499,0,33.45543,,,0,30,no
2022-03-17T13:35:27+05:30,47,2.001750916,229.19435,0,34.31013,,,0,30,no
2022-03-17T13:35:44+05:30,48,2.299302738,228.73456,0,33.33333,,,0,30,no
2022-03-17T13:36:00+05:30,49,2.106537648,228.41747,0,32.60073,,,0,30,no
2022-03-17T13:36:17+05:30,50,2.396572706,228.78922,0,33.21124,,,0,30,no
2022-03-17T13:36:34+05:30,51,1.778950998,228.5448,0,32.84493,,,0,30,no
2022-03-17T13:36:51+05:30,52,2.418696395,228.23865,0,33.21124,,,0,29,no
2022-03-17T13:37:08+05:30,53,1.847662629,228.12065,0,31.62393,,,0,30,no
2022-03-17T13:37:25+05:30,54,1.76742489,227.92482,0,33.21124,,,0,30,no
2022-03-17T13:37:41+05:30,55,2.288909366,228.14359,0,33.21124,,,0,30,no
2022-03-17T13:37:58+05:30,56,2.439908415,227.78314,0,33.21124,,,0,30,no
2022-03-17T13:38:14+05:30,57,1.983373378,227.55675,0,33.21124,,,0,30,no
2022-03-17T13:38:31+05:30,58,1.772722412,227.2437,0,33.21124,,,0,30,no
2022-03-17T13:38:48+05:30,59,2.377584092,227.47881,0,33.21124,,,0,31,no
2022-03-17T13:39:05+05:30,60,1.802729067,227.59937,0,33.21124,,,0,30,no
2022-03-17T13:39:21+05:30,61,2.299763871,227.06679,0,33.08913,,,0,31,no
2022-03-17T13:39:38+05:30,62,2.082399746,227.48274,0,33.45543,,,0,30,no
2022-03-17T13:39:54+05:30,63,2.327027756,227.61224,0,33.57753,,,0,30,no
2022-03-17T13:40:13+05:30,64,1.885600348,227.48723,0,33.82174,,,0,30,no
2022-03-17T13:40:32+05:30,65,2.243587745,227.76466,0,34.55433,,,0,30,no
2022-03-17T13:40:49+05:30,66,2.336646141,228.27162,0,32.96703,,,0,31,no
2022-03-17T13:41:05+05:30,67,2.385760125,228.26268,0,32.72283,,,0,31,no
2022-03-17T13:41:22+05:30,68,2.092527367,228.16428,0,33.21124,,,0,32,no
2022-03-17T13:41:39+05:30,69,2.223484667,228.14639,0,33.21124,,,0,31,no
2022-03-17T13:41:55+05:30,70,2.038155406,228.76077,0,33.33333,,,0,31,no
2022-03-17T13:42:12+05:30,71,2.285963632,228.43758,0,33.21124,,,0,30,no
2022-03-17T13:42:29+05:30,72,2.299185132,228.74626,0,33.08913,,,0,30,no
2022-03-17T13:42:46+05:30,73,1.727791286,228.83551,0,33.94383,,,0,30,no
2022-03-17T13:43:02+05:30,74,1.899964048,229.69382,0,33.69963,,,0,30,no
2022-03-17T13:43:19+05:30,75,2.108899041,229.9304,0,33.82174,,,0,30,no
2022-03-17T13:43:35+05:30,76,1.866280999,229.84213,0,33.69963,,,0,30,no
2022-03-17T13:43:52+05:30,77,2.102540917,228.85167,0,34.06593,,,0,30,no
2022-03-17T13:44:09+05:30,78,2.147740521,229.24557,0,34.55433,,,0,29,no
2022-03-17T13:44:26+05:30,79,2.420420357,229.61714,0,33.57753,,,0,29,no
2022-03-17T13:44:43+05:30,80,1.801662867,229.80437,0,33.21124,,,0,30,no
2022-03-17T13:45:00+05:30,81,2.19303021,229.6138,0,33.33333,,,0,30,no
2022-03-17T13:45:17+05:30,82,1.820094689,229.52652,0,33.57753,,,0,29,no
2022-03-17T13:45:34+05:30,83,1.724261092,229.30402,0,33.21124,,,0,29,no
2022-03-17T13:45:51+05:30,84,2.211100756,229.42419,0,35.04274,,,0,29,no
2022-03-17T13:46:07+05:30,85,1.740295393,229.33463,0,34.06593,,,0,29,no
2022-03-17T13:46:24+05:30,86,1.988546347,228.84053,0,34.43224,,,0,29,no
2022-03-17T13:46:40+05:30,87,2.245185276,229.26393,0,34.06593,,,0,29,no
2022-03-17T13:46:57+05:30,88,1.752753275,229.83269,0,33.94383,,,0,30,no
2022-03-17T13:47:14+05:30,89,1.819420511,229.61157,0,33.33333,,,0,30,no
2022-03-17T13:47:31+05:30,90,1.759375409,228.96762,0,33.45543,,,0,29,no
2022-03-17T13:47:48+05:30,91,2.423943258,229.28342,0,34.55433,,,0,29,no
2022-03-17T13:48:05+05:30,92,1.771359362,229.52429,0,33.33333,,,0,29,no
2022-03-17T13:48:21+05:30,93,2.084308043,229.06403,0,33.82174,,,0,29,no
2022-03-17T13:48:38+05:30,94,1.986228382,227.22966,0,33.82174,,,0,29,no
2022-03-17T13:48:54+05:30,95,1.871710326,229.17542,0,33.94383,,,0,30,no
2022-03-17T13:49:11+05:30,96,1.952358697,229.26115,0,33.21124,,,0,30,no
2022-03-17T13:49:28+05:30,97,1.804867191,229.39638,0,33.94383,,,0,30,no
2022-03-17T13:49:45+05:30,98,1.934234797,229.48093,0,33.33333,,,0,30,no
2022-03-17T13:50:02+05:30,99,2.247357802,229.0423,0,33.21124,,,0,30,no
2022-03-17T13:50:19+05:30,100,1.823742945,229.06737,0,34.31013,,,0,30,no
2022-03-17T13:50:35+05:30,101,1.887298349,229.25893,0,33.45543,,,0,30,no
2022-03-17T13:50:52+05:30,102,1.72081884,229.76271,0,32.72283,,,0,30,no
2022-03-17T13:51:08+05:30,103,1.719850238,229.89211,0,33.21124,,,0,30,no
2022-03-17T13:51:25+05:30,104,2.402472557,229.77994,0,33.33333,,,0,30,no
2022-03-17T13:51:42+05:30,105,1.78841191,229.42142,0,33.21124,,,0,30,no
2022-03-17T13:51:59+05:30,106,2.163643574,229.28453,0,33.57753,,,0,31,no
2022-03-17T13:52:15+05:30,107,1.95267162,229.22441,0,33.57753,,,0,30,no
2022-03-17T13:52:34+05:30,108,1.982463825,229.54265,0,34.43224,,,0,30,no
2022-03-17T13:52:51+05:30,109,2.178737653,229.40807,0,33.45543,,,0,30,no
2022-03-17T13:53:08+05:30,110,1.804237271,229.47647,0,31.50183,,,0,31,no
2022-03-17T13:53:25+05:30,111,1.951548577,229.35632,0,34.43224,,,0,31,no
2022-03-17T13:53:42+05:30,112,2.160682024,229.5988,0,33.57753,,,0,30,no
2022-03-17T13:53:58+05:30,113,1.903369406,229.28287,0,35.28693,,,0,30,no
2022-03-17T13:54:15+05:30,114,2.015959608,229.4292,0,33.45543,,,0,30,no
2022-03-17T13:54:32+05:30,115,2.066657796,229.2155,0,34.43224,,,0,29,no
2022-03-17T13:54:48+05:30,116,1.963875277,229.81602,0,34.55433,,,0,30,no
2022-03-17T13:55:05+05:30,117,1.965005633,229.68382,0,34.67643,,,0,29,no
2022-03-17T13:55:21+05:30,118,2.11133672,229.66493,0,34.67643,,,0,29,no
2022-03-17T13:55:38+05:30,119,2.256583665,229.75882,0,33.82174,,,0,30,no
2022-03-17T13:55:56+05:30,120,2.225950556,229.56934,0,33.21124,,,0,30,no
2022-03-17T13:56:13+05:30,121,2.240788125,229.71382,0,35.28693,,,0,29,no
2022-03-17T13:56:31+05:30,122,2.226252634,229.53819,0,34.55433,,,0,29,no
2022-03-17T13:56:48+05:30,123,2.271972315,229.84435,0,33.69963,,,0,29,no
2022-03-17T13:57:05+05:30,124,2.29603477,229.06012,0,34.55433,,,0,29,no
2022-03-17T13:57:22+05:30,125,1.952353843,229.26172,0,34.92064,,,0,29,no
2022-03-17T13:57:39+05:30,126,1.989297939,228.75407,0,34.43224,,,0,29,no
2022-03-17T13:57:56+05:30,127,1.981374746,229.66882,0,34.79853,,,0,29,no
2022-03-17T13:58:13+05:30,128,2.259611969,229.4509,0,35.53114,,,0,28,no
2022-03-17T13:58:30+05:30,129,2.300132008,230.27374,0,34.18803,,,0,29,no
2022-03-17T13:58:46+05:30,130,1.848864682,229.98979,0,34.43224,,,0,28,no
2022-03-17T13:59:02+05:30,131,1.818927302,229.67383,0,34.06593,,,0,28,no
2022-03-17T13:59:20+05:30,132,1.900626182,229.6138,0,35.40903,,,0,27,no
2022-03-17T13:59:37+05:30,133,2.324146725,229.49928,0,34.43224,,,0,28,no
2022-03-17T13:59:53+05:30,134,2.159197944,229.75661,0,33.94383,,,0,28,no
2022-03-17T14:00:10+05:30,135,2.164547497,229.18878,0,34.92064,,,0,29,no
2022-03-17T14:00:27+05:30,136,2.386124264,229.79105,0,34.55433,,,0,29,no
2022-03-17T14:00:44+05:30,137,2.067004167,229.17709,0,35.04274,,,0,29,no
2022-03-17T14:01:01+05:30,138,1.82379621,229.06068,0,34.06593,,,0,29,no
2022-03-17T14:01:18+05:30,139,1.77697253,228.79926,0,33.69963,,,0,29,no
2022-03-17T16:17:15+05:30,140,1.77596364,224.7287,0,34.67643,,,0,36,no
2022-03-17T16:17:32+05:30,141,2.392905218,224.46355,0,34.43224,,,0,36,no
2022-03-17T16:17:49+05:30,142,1.812985771,224.25438,0,33.82174,,,0,36,no
2022-03-17T16:18:05+05:30,143,2.312418244,224.21117,1,33.33333,,,1,36,yes
2022-03-17T16:18:40+05:30,144,2.327325236,224.37775,0,34.43224,,,0,36,no
2022-03-17T16:18:57+05:30,145,1.811686149,224.41525,0,34.67643,,,0,36,no
2022-03-17T16:19:14+05:30,146,1.875095981,224.78316,0,34.67643,,,0,37,no
2022-03-17T16:19:30+05:30,147,2.344762839,224.29987,0,35.16484,,,0,37,no
2022-03-17T16:19:47+05:30,148,1.911562078,224.39763,0,34.55433,,,0,37,no
2022-03-17T16:20:04+05:30,149,2.425673602,224.50671,1,34.55433,,,1,37,yes
2022-03-17T16:20:37+05:30,150,2.453563018,224.99524,0,35.77534,,,0,37,no
2022-03-17T16:20:54+05:30,151,1.907701068,224.85179,0,35.04274,,,0,37,no
2022-03-17T16:21:10+05:30,152,2.439567416,224.75706,0,35.16484,,,0,37,no
2022-03-17T16:21:28+05:30,153,2.293630614,224.42149,0,35.04274,,,0,37,no
2022-03-17T16:21:44+05:30,154,2.176901164,224.46127,0,35.40903,,,0,48,no
2022-03-17T16:22:01+05:30,155,2.475722974,224.48796,0,35.40903,,,0,37,no
2022-03-17T16:22:18+05:30,156,2.049518299,223.8526,0,35.77534,,,0,36,no
2022-03-17T16:22:35+05:30,157,2.414207476,224.02797,0,36.01954,,,0,36,no
2022-03-17T16:22:51+05:30,158,2.449486571,223.84691,0,36.14164,,,0,36,no
2022-03-17T16:23:08+05:30,159,1.910899303,224.47546,0,35.65324,,,0,37,no
2022-03-17T16:23:25+05:30,160,1.84381728,224.55045,0,36.26374,,,0,36,no
2022-03-17T16:23:42+05:30,161,2.258657415,224.5936,0,35.28693,,,0,36,no
2022-03-17T16:23:59+05:30,162,2.072234748,224.99864,0,36.38584,,,0,36,no
2022-03-17T16:24:16+05:30,163,1.824049103,224.93912,0,35.77534,,,0,36,no
2022-03-17T16:24:33+05:30,164,2.33670978,225.07288,0,37.11844,,,0,36,no
2022-03-17T16:24:50+05:30,165,2.041538743,224.72755,0,36.01954,,,0,36,no
2022-03-17T16:25:07+05:30,166,1.857602265,224.89206,0,35.89743,,,0,36,no
2022-03-17T16:25:23+05:30,167,2.292661332,224.51637,0,37.11844,,,0,37,no
2022-03-17T16:25:40+05:30,168,2.341430031,224.61914,0,36.99634,,,0,37,no
2022-03-17T16:25:57+05:30,169,1.842727156,224.68329,0,37.11844,,,0,36,no
2022-03-17T16:26:14+05:30,170,2.478257667,224.25836,0,36.99634,,,0,36,no
2022-03-17T16:26:30+05:30,171,2.275679404,224.55272,0,37.11844,,,0,37,no
2022-03-17T16:26:47+05:30,172,1.828506257,224.39081,0,37.11844,,,0,36,no
2022-03-17T16:27:04+05:30,173,2.076749074,224.50955,0,37.11844,,,0,36,no
2022-03-17T16:27:21+05:30,174,1.857569473,224.89603,0,37.72894,,,0,36,no
2022-03-17T16:27:38+05:30,175,2.091400959,224.72018,0,37.48474,,,0,36,no
2022-03-17T16:27:54+05:30,176,1.971109635,225.18788,0,37.48474,,,0,36,no
2022-03-17T16:28:12+05:30,177,2.433328006,225.33337,0,37.72894,,,0,37,no
2022-03-17T16:28:29+05:30,178,1.770971038,225.36224,0,37.97314,,,0,37,no
2022-03-17T16:28:46+05:30,179,2.467258779,225.25809,0,37.97314,,,0,37,no
2022-03-17T16:29:03+05:30,180,2.461763969,225.76088,0,38.33944,,,0,37,no
2022-03-17T16:29:20+05:30,181,1.951465985,225.54326,0,38.33944,,,0,37,no
2022-03-17T16:29:37+05:30,182,1.953087386,225.35602,0,37.85104,,,0,37,no
2022-03-17T16:29:53+05:30,183,1.884681447,225.61903,0,38.33944,,,0,36,no
2022-03-17T16:30:10+05:30,184,1.866223698,225.85181,0,37.24054,,,0,37,no
2022-03-17T16:30:27+05:30,185,2.099932885,225.5834,0,39.07204,,,0,36,no
2022-03-17T16:30:44+05:30,186,2.361569016,225.86255,0,38.70574,,,0,36,no
2022-03-17T16:31:01+05:30,187,2.033650468,225.59924,0,39.07204,,,0,36,no
2022-03-17T16:31:18+05:30,188,2.396570173,225.67668,0,38.33944,,,0,36,no
2022-03-17T16:31:35+05:30,189,1.902993007,225.40808,0,38.33944,,,0,36,no
2022-03-17T16:31:52+05:30,190,2.031427056,225.84616,0,38.58364,,,0,36,no
2022-03-17T16:32:08+05:30,191,1.800234739,225.84277,0,38.82784,,,0,36,no
2022-03-17T16:32:25+05:30,192,2.199340716,225.56305,0,38.82784,,,0,36,no
2022-03-17T16:32:41+05:30,193,1.769421004,225.55966,0,38.70574,,,0,36,no
2022-03-17T16:32:59+05:30,194,1.79151225,224.86031,0,37.97314,,,0,36,no
2022-03-17T16:33:15+05:30,195,2.186215608,225.21109,0,38.46154,,,0,36,no
2022-03-17T16:33:32+05:30,196,2.166045234,225.58624,0,39.07204,,,0,36,no
2022-03-17T16:33:49+05:30,197,1.750568709,225.85803,0,38.46154,,,0,36,no
2022-03-17T16:34:06+05:30,198,2.002541057,225.37865,0,38.70574,,,0,37,no
2022-03-17T16:34:22+05:30,199,2.227849719,226.02512,0,38.46154,,,0,36,no
2022-03-17T16:34:39+05:30,200,1.981419281,225.89868,0,39.19414,,,0,36,no
2022-03-17T16:34:56+05:30,201,2.293436349,226.06688,0,39.07204,,,0,36,no
2022-03-17T16:35:13+05:30,202,2.212988572,225.85747,0,38.82784,,,0,36,no
2022-03-17T16:35:30+05:30,203,1.864499473,226.06067,0,38.94994,,,0,36,no
2022-03-17T16:35:47+05:30,204,1.94658647,226.10863,0,38.46154,,,0,36,no
2022-03-17T16:36:04+05:30,205,1.931275601,225.96982,0,39.31624,,,0,36,no
2022-03-17T16:36:20+05:30,206,2.33120536,225.60432,0,39.07204,,,0,36,no
2022-03-17T16:36:37+05:30,207,2.162265926,225.98053,0,38.82784,,,0,36,no
2022-03-17T16:36:54+05:30,208,2.067790809,225.48219,0,38.70574,,,0,36,no
2022-03-17T16:37:11+05:30,209,2.310258823,226.03528,0,39.56044,,,0,36,no
2022-03-17T16:37:28+05:30,210,2.12812237,226.10072,0,39.07204,,,0,36,no
2022-03-17T16:37:46+05:30,211,2.212717588,225.88513,0,39.07204,,,0,36,no
2022-03-17T16:38:03+05:30,212,1.963724952,226.03471,0,39.19414,,,0,37,no
2022-03-17T16:38:20+05:30,213,2.261301007,225.98053,0,39.68254,,,0,36,no
2022-03-17T16:38:37+05:30,214,2.177146287,226.14925,0,39.56044,,,0,36,no
2022-03-17T16:38:53+05:30,215,2.025121679,226.54935,0,39.56044,,,0,36,no
2022-03-17T16:39:10+05:30,216,2.360088466,226.00424,0,39.31624,,,0,36,no
2022-03-17T16:39:27+05:30,217,1.993913248,226.35388,0,39.19414,,,0,36,no
2022-03-17T16:39:45+05:30,218,2.439024282,226.33641,0,39.19414,,,0,36,no
2022-03-17T16:40:03+05:30,219,2.43622313,226.59665,0,39.68254,,,0,36,no
2022-03-17T16:40:19+05:30,220,2.025187204,226.54202,0,39.31624,,,0,36,no
2022-03-17T16:40:37+05:30,221,1.791847655,226.89987,0,39.31624,,,0,36,no
2022-03-17T16:40:53+05:30,222,1.778544617,226.4998,0,40.53724,,,0,36,no
2022-03-17T16:41:10+05:30,223,2.451192591,226.73453,0,39.80464,,,0,36,no
2022-03-17T16:41:27+05:30,224,2.458646566,226.04713,0,40.65934,,,0,36,no
2022-03-17T16:41:44+05:30,225,2.14270627,226.3026,0,39.68254,,,0,36,no
2022-03-17T16:42:00+05:30,226,1.89863708,225.92522,0,41.02564,,,0,36,no
2022-03-17T16:42:17+05:30,227,2.293573822,226.05333,0,40.29304,,,0,36,no
2022-03-17T16:42:33+05:30,228,2.326412176,226.06914,1,40.17094,,,1,36,yes
2022-03-17T16:43:07+05:30,229,2.238925203,226.573,1,42.97924,,,1,36,yes
2022-03-17T16:43:40+05:30,230,1.778867562,226.45868,1,40.90354,,,1,36,yes
2022-03-17T16:44:14+05:30,231,1.909372669,226.60846,0,41.02564,,,0,36,no
2022-03-17T16:44:34+05:30,232,1.992752567,226.48572,0,40.41514,,,0,36,no
2022-03-17T16:44:51+05:30,233,2.402620903,226.66081,0,40.41514,,,0,36,no
2022-03-17T16:45:09+05:30,234,1.975237599,226.60565,1,39.92674,,,1,36,yes
2022-03-17T16:45:42+05:30,235,2.141282707,226.45305,0,40.90354,,,0,36,no
2022-03-17T16:45:59+05:30,236,2.458413392,226.06857,0,40.65934,,,0,36,no
2022-03-17T16:46:16+05:30,237,1.928824813,226.25694,0,40.41514,,,0,36,no
2022-03-17T16:46:33+05:30,238,2.390132142,226.28456,0,40.53724,,,0,36,no
2022-03-17T16:46:50+05:30,239,2.105064518,226.8054,0,39.68254,,,0,36,no
2022-03-17T16:47:06+05:30,240,2.021397229,226.96677,0,40.90354,,,0,36,no
2022-03-17T16:47:23+05:30,241,1.843994841,226.55161,0,40.41514,,,0,36,no
2022-03-17T16:47:40+05:30,242,2.322173554,226.48178,1,40.53724,,,1,35,yes
2022-03-17T16:48:13+05:30,243,1.945785639,226.20169,0,40.90354,,,0,36,no
2022-03-17T16:48:30+05:30,244,2.285509494,226.85095,0,41.14774,,,0,36,no
2022-03-17T16:48:47+05:30,245,2.007250911,226.70808,1,41.26984,,,1,36,yes
2022-03-17T16:49:21+05:30,246,2.136896585,226.91786,0,42.00244,,,0,36,no
2022-03-17T16:49:39+05:30,247,2.091754044,226.46544,0,41.39194,,,0,36,no
2022-03-17T16:49:56+05:30,248,2.104386176,226.87851,1,41.02564,,,1,36,yes
2022-03-17T16:50:29+05:30,249,2.069408538,227.10837,0,42.61294,,,0,36,no
2022-03-17T16:50:46+05:30,250,1.771746502,227.36887,0,41.63614,,,0,36,no
2022-03-17T16:51:04+05:30,251,1.741120508,227.08365,0,42.61294,,,0,36,no
2022-03-17T16:51:20+05:30,252,2.218661652,226.96115,1,41.26984,,,1,36,yes
2022-03-17T16:51:54+05:30,253,2.089079799,226.75534,0,41.51404,,,0,35,no
2022-03-17T16:52:11+05:30,254,1.907974999,226.77446,0,41.02564,,,0,35,no
2022-03-17T16:52:28+05:30,255,1.922644921,226.98419,0,41.02564,,,0,35,no
2022-03-17T16:52:45+05:30,256,2.247105238,227.40813,0,41.63614,,,0,36,no
2022-03-17T16:53:01+05:30,257,2.365565068,227.0578,1,42.36874,,,1,35,yes
2022-03-17T16:53:35+05:30,258,2.379597262,227.28636,0,41.63614,,,0,35,no
2022-03-17T16:53:52+05:30,259,2.134750337,227.146,1,41.02564,,,1,35,yes
2022-03-17T16:54:26+05:30,260,2.279673514,227.43169,1,41.75824,,,1,35,yes
2022-03-17T16:55:33+05:30,261,1.840166299,227.02296,1,42.24664,,,1,35,yes
2022-03-17T16:56:23+05:30,262,1.936112595,227.33182,1,40.90354,,,1,35,yes
2022-03-17T16:56:57+05:30,263,2.079121705,227.8414,0,44.81075,,,0,35,no
2022-03-17T16:57:14+05:30,264,1.961975202,228.13744,0,42.73504,,,0,35,no
2022-03-17T16:57:31+05:30,265,2.173893705,228.20343,0,41.39194,,,0,35,no
2022-03-17T16:57:48+05:30,266,2.383519793,228.47723,0,41.02564,,,0,35,no
2022-03-17T16:58:05+05:30,267,2.189825666,228.24648,0,42.12454,,,0,35,no
2022-03-17T16:58:22+05:30,268,1.993287493,228.29622,1,41.02564,,,1,35,yes
2022-03-17T16:58:55+05:30,269,2.291050049,227.93042,1,41.88034,,,1,35,yes
2022-03-17T16:59:31+05:30,270,1.747770499,228.35378,0,41.39194,,,0,35,no
2022-03-17T16:59:47+05:30,271,1.909077917,228.59727,0,41.39194,,,0,35,no
2022-03-17T17:00:04+05:30,272,2.149327726,229.07628,1,40.90354,,,1,35,yes
2022-03-17T17:00:54+05:30,273,1.759037073,229.01166,1,42.85714,,,1,35,yes
2022-03-17T17:02:02+05:30,274,2.083907753,229.10803,1,43.58974,,,1,35,yes
2022-03-17T17:04:33+05:30,275,1.7945046,228.64249,1,44.56654,,,1,35,yes
2022-03-17T17:05:06+05:30,276,2.003874533,228.95146,0,42.12454,,,0,35,no
2022-03-17T17:05:22+05:30,277,1.887976923,229.17653,0,42.97924,,,0,35,no
2022-03-17T17:05:39+05:30,278,2.365956853,228.59673,0,44.20024,,,0,36,no
2022-03-17T17:05:55+05:30,279,2.102100383,228.89963,1,44.56654,,,1,36,yes
2022-03-17T17:06:29+05:30,280,2.281566047,228.87788,0,43.34554,,,0,36,no
2022-03-17T17:06:46+05:30,281,1.892160413,228.66983,0,43.83394,,,0,36,no
2022-03-17T17:07:03+05:30,282,2.282021997,228.83215,0,42.85714,,,0,36,no
2022-03-17T17:07:20+05:30,283,2.301301761,228.53587,0,41.26984,,,0,36,no
2022-03-17T17:07:37+05:30,284,2.120079668,228.71782,1,39.31624,,,1,36,yes
2022-03-21T13:46:25+05:30,285,4.20777226,235.05971,0,29.30403,,,0,52,yes
2022-03-21T13:46:42+05:30,286,4.21130371,236.41653,0,29.30403,,,0,52,yes
2022-03-21T13:46:58+05:30,287,4.53828664,235.3056,0,29.42613,,,0,49,yes
2022-03-21T13:47:14+05:30,288,4.3463092,232.75173,0,29.54823,,,0,49,yes
2022-03-21T13:47:31+05:30,289,4.32836408,234.37776,0,29.54823,,,0,49,yes
2022-03-21T13:47:47+05:30,290,4.35238622,232.7299,0,29.30403,,,0,52,yes
2022-03-21T13:48:04+05:30,291,4.69130986,235.48284,0,29.54823,,,0,52,yes
2022-03-21T16:34:45+05:30,292,2.237315141,216.73299,1,27.96093,,,1,48,yes
2022-03-21T16:36:41+05:30,293,2.234511961,217.00488,0,29.30403,,,0,47,no
2022-03-21T16:36:58+05:30,294,2.050295262,216.49077,0,29.67033,,,0,47,no
2022-03-21T16:37:14+05:30,295,2.01286349,216.81053,0,29.42613,,,0,48,no
2022-03-21T16:37:31+05:30,296,2.392478738,216.7083,0,30.03663,,,0,48,no
2022-03-21T16:37:47+05:30,297,1.841432589,216.73886,0,29.30403,,,0,47,no
2022-03-21T16:38:04+05:30,298,2.057956298,217.49733,0,29.91453,,,0,48,no
2022-03-21T16:38:20+05:30,299,2.469135462,217.53363,0,29.91453,,,0,47,no
2022-03-21T16:38:37+05:30,300,2.528215276,216.87631,0,30.40293,,,0,48,no
2022-03-21T16:38:53+05:30,301,1.909732825,216.79996,0,30.03663,,,0,48,no
2022-03-21T16:39:10+05:30,302,2.312189636,217.78058,0,29.54823,,,0,47,no
2022-03-21T16:39:26+05:30,303,2.249857643,217.18263,0,29.67033,,,0,48,no
2022-03-21T16:39:42+05:30,304,2.489433429,217.25827,0,29.79243,,,0,48,no
2022-03-21T16:39:59+05:30,305,2.485833941,217.57286,0,30.03663,,,0,48,no
2022-03-21T16:40:15+05:30,306,2.080935207,216.88806,0,30.03663,,,0,47,no
2022-03-21T16:40:32+05:30,307,2.502425664,217.62085,0,30.15873,,,0,48,no
2022-03-21T16:40:48+05:30,308,1.852130778,217.50084,0,30.03663,,,0,47,no
2022-03-21T16:41:04+05:30,309,2.496313109,216.65952,0,30.52503,,,0,47,no
2022-03-21T16:41:21+05:30,310,2.469514289,217.50026,0,30.15873,,,0,48,no
2022-03-21T16:41:37+05:30,311,2.508646996,217.08116,0,30.03663,,,0,47,no
2022-03-21T16:41:53+05:30,312,1.92508686,217.00839,0,30.40293,,,0,48,no
2022-03-21T16:42:10+05:30,313,2.229224606,217.51958,0,35.28693,,,0,47,no
2022-03-21T16:42:26+05:30,314,2.092289527,217.4938,0,30.15873,,,0,47,no
2022-03-21T16:42:42+05:30,315,1.963100215,218.50642,0,30.64713,,,0,47,no
2022-03-21T16:42:59+05:30,316,2.121249604,218.04129,0,30.15873,,,0,47,no
2022-03-21T16:43:15+05:30,317,1.9687233,217.88232,0,30.15873,,,0,47,no
2022-03-21T16:43:32+05:30,318,2.025310072,217.31981,0,31.25763,,,0,48,no
2022-03-22T15:22:22+05:30,319,1.71906619,215.19973,0,30.03663,,,0,40,no
2022-03-22T15:22:55+05:30,320,1.7223242,215.03723,0,30.15873,,,0,40,no
2022-03-22T15:30:54+05:30,321,2.316971877,215.72122,0,29.67033,,,0,41,no
2022-03-22T15:31:10+05:30,322,2.308018729,214.94193,1,29.30403,,,1,42,yes
2022-03-22T15:31:43+05:30,323,2.016116914,214.61057,0,29.67033,,,0,42,no
2022-03-22T15:32:00+05:30,324,2.289971315,215.00706,0,30.15873,,,0,42,no
2022-03-22T15:32:16+05:30,325,2.09626738,213.52238,0,30.52503,,,0,42,no
2022-03-22T15:32:32+05:30,326,1.982258204,212.63123,0,29.67033,,,0,42,no
2022-03-22T15:32:48+05:30,327,2.321723732,213.67314,0,31.01343,,,0,42,no
2022-03-22T15:33:05+05:30,328,2.598559475,213.87619,0,30.03663,,,0,42,no
2022-03-22T15:33:21+05:30,329,2.157187578,214.4088,0,30.52503,,,0,42,no
2022-03-22T15:33:37+05:30,330,2.392650745,213.57484,0,31.13553,,,0,42,no
2022-03-22T15:33:54+05:30,331,2.262852562,214.28705,0,30.76923,,,0,42,no
2022-03-22T15:34:10+05:30,332,1.888317663,213.33275,0,31.13553,,,0,42,no
2022-03-22T15:34:26+05:30,333,2.065097442,213.1328,0,30.52503,,,0,41,no
2022-03-22T15:34:43+05:30,334,2.129624226,213.68089,0,30.52503,,,0,41,no
2022-03-22T15:34:59+05:30,335,1.937916827,213.64694,0,30.40293,,,0,42,no
2022-03-22T15:35:16+05:30,336,1.957505506,213.41447,0,31.01343,,,0,42,no
2022-03-22T15:35:33+05:30,337,2.426334606,213.68446,0,31.25763,,,0,42,no
2022-03-22T15:35:49+05:30,338,2.089012759,214.26389,0,30.89133,,,0,42,no
2022-03-22T15:36:05+05:30,339,2.143503792,214.03741,0,30.76923,,,0,42,no
2022-03-22T15:36:22+05:30,340,2.290376183,213.3405,0,31.13553,,,0,43,no
2022-03-22T15:36:38+05:30,341,2.50143399,213.23369,0,31.01343,,,0,42,no
2022-03-22T15:36:54+05:30,342,2.003123916,212.27843,0,31.25763,,,0,42,no
2022-03-22T15:37:10+05:30,343,2.311073952,213.04381,0,31.01343,,,0,42,no
2022-03-22T15:37:27+05:30,344,2.044277263,213.47887,0,31.37973,,,0,42,no
2022-03-22T15:37:43+05:30,345,2.39751909,213.14116,0,31.13553,,,0,42,no
2022-03-22T15:38:00+05:30,346,1.951732464,214.04573,0,31.25763,,,0,42,no
2022-03-22T15:38:16+05:30,347,2.027121867,213.44548,0,31.50183,,,0,42,no
2022-03-22T15:38:33+05:30,348,2.052328474,212.6414,0,31.74603,,,0,42,no
2022-03-22T15:38:49+05:30,349,2.574772098,212.95477,0,31.25763,,,0,43,no
2022-03-22T15:39:05+05:30,350,2.126709269,213.97377,0,31.50183,,,0,42,no
2022-03-22T15:39:22+05:30,351,2.552154724,213.38048,0,31.86813,,,0,42,no
2022-03-22T15:39:38+05:30,352,2.134694103,213.1734,0,31.74603,,,0,42,no
2022-03-22T15:39:54+05:30,353,2.36161922,213.22235,0,31.62393,,,0,42,no
2022-03-22T15:40:11+05:30,354,2.556209454,213.04201,0,32.11233,,,0,42,no
2022-03-22T15:40:27+05:30,355,2.542577244,214.18425,0,31.74603,,,0,42,no
2022-03-22T15:40:43+05:30,356,2.189026538,212.99422,0,31.37973,,,0,42,no
2022-03-22T15:41:00+05:30,357,1.999012764,212.715,0,31.62393,,,0,42,no
2022-03-22T15:41:16+05:30,358,2.22973375,214.12422,0,32.11233,,,0,42,no
2022-03-22T15:41:32+05:30,359,1.95671468,215.40698,0,31.99023,,,0,43,no
2022-03-22T15:41:49+05:30,360,1.296375828,394.18353,0,32.84493,,,1,42,yes
2022-03-22T15:42:05+05:30,361,2.992748018,155.79327,0,32.60073,,,0,42,no
2022-03-22T15:42:21+05:30,362,2.258269225,216.37367,0,32.11233,,,0,42,no
2022-03-22T15:42:38+05:30,363,1.909303389,214.89513,0,31.74603,,,0,42,no
2022-03-22T15:42:55+05:30,364,2.319499097,215.48618,0,32.47863,,,0,42,no
2022-03-22T15:43:11+05:30,365,2.386651112,215.67459,0,31.99023,,,0,42,no
2022-03-22T15:43:30+05:30,366,1.898348899,216.13519,0,32.35653,,,0,41,no
2022-03-22T15:43:47+05:30,367,2.139129042,216.21884,0,32.11233,,,0,42,no
2022-03-22T15:44:03+05:30,368,1.853886901,215.28282,0,32.72283,,,0,42,no
2022-03-22T15:44:20+05:30,369,2.292605593,214.76001,0,31.99023,,,0,42,no
2022-03-22T15:44:36+05:30,370,2.497394015,215.07219,0,32.35653,,,0,42,no
2022-03-22T15:44:52+05:30,371,2.487813961,214.40108,0,32.96703,,,0,42,no
2022-03-22T15:45:09+05:30,372,1.905310304,215.3455,0,32.60073,,,0,42,no
2022-03-22T15:45:31+05:30,373,1.91201996,214.58981,0,32.11233,,,0,42,no
2022-03-22T15:45:47+05:30,374,1.993985736,215.1219,0,32.47863,,,0,42,no
2022-03-22T15:46:04+05:30,375,2.444301223,213.63979,0,32.60073,,,0,42,no
2022-03-22T15:46:20+05:30,376,2.172900121,214.57498,0,32.96703,,,0,43,no
2022-03-29T15:21:05+05:30,377,2.039197582,214.01065,0,31.25763,,,0,32,no
2022-03-29T15:21:28+05:30,378,1.915720082,214.17534,0,32.47863,,,0,32,no
2022-03-29T15:21:51+05:30,379,2.148224242,213.56709,0,31.99023,,,0,32,no
2022-03-29T15:22:12+05:30,380,2.132401985,213.40254,0,31.37973,,,0,32,no
2022-03-29T15:22:29+05:30,381,2.304061528,213.69221,0,31.25763,,,0,32,no
2022-03-29T15:22:45+05:30,382,1.846652118,214.10638,0,32.72283,,,0,32,no
2022-03-29T15:23:02+05:30,383,2.067305364,212.90517,0,32.47863,,,0,32,no
2022-03-29T15:23:19+05:30,384,2.114421037,213.45323,0,31.74603,,,0,32,no
2022-03-29T15:23:35+05:30,385,2.185351252,213.35243,0,32.35653,,,0,32,no
2022-03-29T15:23:52+05:30,386,2.058303478,213.8363,0,31.62393,,,0,32,no
2022-03-29T15:24:27+05:30,387,2.308641167,213.26831,0,32.47863,,,0,32,no
2022-03-29T15:24:46+05:30,388,2.584465762,213.59927,0,32.47863,,,0,32,no
2022-03-29T15:25:03+05:30,389,2.509293524,214.05228,0,32.47863,,,0,32,no
2022-03-29T15:25:20+05:30,390,1.908030955,215.03844,0,32.96703,,,0,32,no
2022-03-29T15:25:40+05:30,391,1.874687011,214.88387,0,32.84493,,,0,32,no
2022-03-29T15:25:59+05:30,392,2.131835725,215.20889,0,33.08913,,,0,33,no
2022-03-29T15:26:15+05:30,393,2.156590617,214.46815,0,33.45543,,,0,33,no
2022-03-29T15:26:32+05:30,394,2.277287521,214.56667,0,33.08913,,,0,33,no
2022-03-29T15:26:48+05:30,395,2.190495353,214.55421,0,32.60073,,,0,33,no
2022-03-29T15:27:05+05:30,396,2.590046851,214.57913,0,33.33333,,,0,33,no
2022-03-29T15:27:21+05:30,397,2.437485749,214.23715,0,32.72283,,,0,33,no
2022-03-29T15:27:37+05:30,398,2.120850148,214.5649,0,34.06593,,,0,33,no
2022-03-29T15:27:54+05:30,399,2.590820551,214.51505,0,34.06593,,,0,33,no
2022-03-29T15:28:12+05:30,400,2.01012505,215.25029,0,34.06593,,,0,33,no
2022-03-29T15:28:28+05:30,401,2.136698598,214.7191,0,34.55433,,,0,33,no
2022-03-29T15:28:44+05:30,402,2.283189933,215.64566,0,34.92064,,,0,33,no
2022-03-29T15:29:01+05:30,403,2.292396805,214.77957,0,34.43224,,,0,32,no
2022-03-29T15:29:23+05:30,404,2.529433041,213.82262,0,35.04274,,,0,32,no
2022-03-29T15:30:07+05:30,405,1.962435989,214.77898,0,34.92064,,,0,20,no
2022-03-29T15:30:23+05:30,406,2.214411254,213.92142,0,34.31013,,,0,32,no
2022-03-29T15:30:39+05:30,407,2.187822703,214.81631,0,35.28693,,,0,32,no
2022-03-29T15:30:56+05:30,408,2.428055375,215.06923,0,35.65324,,,0,32,no
2022-03-29T15:31:12+05:30,409,1.873525234,215.01712,0,35.53114,,,0,32,no
2022-03-29T15:31:29+05:30,410,2.512780522,215.23965,0,34.79853,,,0,32,no
2022-03-29T15:31:48+05:30,411,2.064967073,214.95258,0,35.28693,,,0,32,no
2022-03-29T15:32:09+05:30,412,1.943431746,216.87924,0,35.04274,,,0,32,no
2022-03-29T15:32:54+05:30,413,2.527323103,214.00113,0,35.89743,,,0,32,no
2022-03-29T15:33:11+05:30,414,2.302618754,215.446,0,35.53114,,,0,32,no
2022-03-29T15:33:27+05:30,415,2.314711902,215.93184,0,36.38584,,,0,31,no
2022-03-29T15:33:44+05:30,416,2.014791873,214.75171,0,35.53114,,,0,31,no
2022-03-29T15:34:00+05:30,417,2.013963786,214.84001,0,35.53114,,,0,31,no
2022-03-29T15:34:17+05:30,418,2.408657807,215.25266,0,36.75214,,,0,30,no
2022-03-29T15:34:53+05:30,419,1.992708624,215.25977,0,36.38584,,,0,30,no
2022-03-29T15:35:10+05:30,420,2.519345104,216.15935,0,36.75214,,,0,31,no
2022-03-29T15:35:26+05:30,421,2.002189878,216.10338,0,36.87424,,,0,30,no
2022-03-29T15:35:42+05:30,422,2.00698921,215.58661,0,37.11844,,,0,30,no
2022-03-29T15:35:59+05:30,423,2.487675788,215.91238,0,37.11844,,,0,29,no
2022-03-29T15:36:15+05:30,424,2.209921736,216.04385,0,36.50794,,,0,29,no
2022-03-29T15:36:32+05:30,425,2.556205355,215.96074,0,37.11844,,,0,29,no
2022-03-29T15:37:14+05:30,426,2.174122721,216.16995,0,37.60684,,,0,30,no
2022-03-29T15:37:45+05:30,427,1.962484782,214.77364,0,37.36264,,,0,29,no
2022-03-29T15:38:05+05:30,428,2.311901729,214.58092,0,37.24054,,,0,29,no
2022-03-29T15:38:23+05:30,429,2.232276026,213.88036,0,37.11844,,,0,28,no
2022-03-29T15:38:43+05:30,430,1.901164909,215.81505,0,37.11844,,,0,28,no
2022-03-29T15:39:09+05:30,431,2.15988662,214.14087,0,37.36264,,,0,28,no
2022-03-29T15:39:27+05:30,432,2.054962742,215.99905,0,37.85104,,,0,29,no
2022-03-29T15:39:49+05:30,433,2.129699977,215.42471,0,38.33944,,,0,29,no
2022-03-29T15:40:09+05:30,434,1.853927634,215.27809,0,37.85104,,,0,28,no
2022-03-29T15:40:25+05:30,435,1.941562663,215.16689,0,37.72894,,,0,29,no
2022-03-29T15:40:43+05:30,436,2.460832546,215.2361,0,38.94994,,,0,29,no
2022-03-29T15:40:59+05:30,437,2.080400218,215.15091,0,38.58364,,,0,29,no
2022-03-29T15:41:15+05:30,438,2.460541721,215.26154,0,39.07204,,,0,29,no
2022-03-29T15:41:37+05:30,439,2.215428419,215.50685,0,37.85104,,,0,29,no
2022-03-29T15:42:02+05:30,440,1.972926614,215.52753,0,38.46154,,,0,29,no
2022-03-29T15:42:23+05:30,441,2.243369688,214.48538,0,38.46154,,,0,29,no
2022-03-29T15:42:39+05:30,442,2.36943443,215.6675,0,37.85104,,,0,29,no
2022-03-29T15:42:55+05:30,443,2.130383817,215.35556,0,38.70574,,,0,29,no
2022-03-29T15:43:12+05:30,444,2.010583584,215.2012,0,38.82784,,,0,28,no
2022-03-29T15:43:32+05:30,445,2.28244936,214.08142,0,37.60684,,,0,28,no
2022-03-29T15:43:49+05:30,446,2.15211586,214.91408,0,37.36264,,,0,27,no
2022-03-29T15:44:31+05:30,447,2.117252697,214.92947,0,38.33944,,,0,27,no
2022-03-29T15:44:52+05:30,448,2.535669699,214.76772,0,38.58364,,,0,27,no
2022-03-29T15:45:17+05:30,449,1.911946009,214.59811,0,38.82784,,,0,27,no
2022-03-29T15:45:35+05:30,450,2.205795079,214.75703,0,39.07204,,,0,27,no
2022-03-29T15:46:13+05:30,451,2.493933372,213.875,0,39.19414,,,0,28,no
2022-03-29T15:46:30+05:30,452,1.892421007,214.8412,0,39.07204,,,0,28,no
2022-03-29T15:46:47+05:30,453,2.20676366,214.66277,0,39.80464,,,0,28,no
2022-03-29T15:47:05+05:30,454,2.401825376,214.312,0,38.82784,,,0,27,no
2022-03-29T15:47:27+05:30,455,1.964877689,214.51208,0,39.92674,,,0,27,no
2022-03-29T15:47:49+05:30,456,1.951038717,214.12184,0,40.04884,,,0,27,no
2022-03-29T15:48:12+05:30,457,2.038121622,214.12363,0,39.68254,,,0,26,no
2022-03-29T15:48:34+05:30,458,2.54030136,214.37614,0,39.80464,,,0,26,no
2022-03-29T15:48:56+05:30,459,2.381083847,214.61235,0,40.17094,,,0,26,no
2022-03-29T15:49:23+05:30,460,2.209659155,214.38148,0,39.07204,,,0,26,no
2022-03-29T15:50:20+05:30,461,2.454929158,215.75368,0,39.07204,,,0,25,no
2022-03-29T15:50:38+05:30,462,2.342138777,214.9958,0,39.80464,,,0,26,no
2022-03-29T16:19:19+05:30,463,2.13469692,216.66776,0,43.83394,,,0,21,no
2022-03-29T16:19:36+05:30,464,1.911183314,216.63542,0,43.10134,,,0,21,no
2022-03-29T16:19:52+05:30,465,2.171780248,216.40311,0,42.24664,,,0,21,no
2022-03-29T16:20:08+05:30,466,2.430100926,216.42311,0,43.34554,,,0,22,no
2022-03-29T16:20:25+05:30,467,1.914432723,216.26772,0,42.12454,,,0,26,no
2022-03-29T16:20:41+05:30,468,2.464315839,216.44547,0,41.51404,,,0,26,no
2022-03-29T16:20:58+05:30,469,2.358668554,216.65189,0,39.80464,,,0,22,no
2022-03-29T16:21:15+05:30,470,1.839747488,216.93738,0,41.75824,,,0,22,no
2022-03-29T16:21:31+05:30,471,2.259609936,214.59456,0,0,,,0,22,no
2022-03-29T16:21:48+05:30,472,1.846723761,218.13766,0,177.77777,,,1,22,no
2022-03-29T16:22:21+05:30,473,2.478024797,218.25851,0,41.39194,,,0,21,no
2022-03-29T16:22:37+05:30,474,2.090601331,217.66943,0,42.24664,,,0,21,no
2022-03-29T16:22:54+05:30,475,2.42970681,217.99338,0,41.39194,,,0,21,no
2022-03-29T16:23:11+05:30,476,2.125570812,217.59802,0,42.12454,,,0,21,no
2022-03-29T16:23:27+05:30,477,1.983937752,218.09152,0,40.65934,,,0,21,no
2022-03-29T16:23:44+05:30,478,2.048698422,218.48018,0,39.43834,,,0,21,no
2022-03-29T16:24:01+05:30,479,2.40026413,217.55939,0,41.14774,,,0,21,no
2022-03-29T16:24:17+05:30,480,2.285798538,218.66319,0,41.02564,,,0,21,no
2022-03-29T16:24:34+05:30,481,2.225005761,217.93202,0,40.65934,,,0,21,no
2022-03-29T16:24:50+05:30,482,2.238031298,218.33028,0,41.02564,,,0,21,no
2022-03-29T16:25:07+05:30,483,2.410052301,218.22348,0,41.26984,,,0,21,no
2022-03-29T16:25:23+05:30,484,2.04996811,218.34486,0,42.49084,,,0,21,no
2022-03-29T16:25:39+05:30,485,2.070456155,217.98578,0,42.97924,,,0,21,no
2022-03-29T16:25:56+05:30,486,2.457212422,217.07118,0,41.02564,,,0,21,no
2022-03-29T16:26:13+05:30,487,1.898321441,218.10321,0,44.93285,,,0,21,no
2022-03-29T16:26:29+05:30,488,2.226846037,217.75192,0,48.47375,,,0,20,no
2022-03-29T16:26:45+05:30,489,1.967029657,218.06992,0,41.02564,,,0,24,no
2022-03-29T16:27:01+05:30,490,2.379753201,217.86713,0,41.26984,,,0,21,no
2022-03-29T16:27:18+05:30,491,2.169161142,218.38396,0,41.88034,,,0,21,no
2022-03-29T16:27:34+05:30,492,2.390996958,218.40262,0,43.10134,,,0,21,no
2022-03-29T16:27:51+05:30,493,2.390090726,218.48543,0,42.36874,,,0,21,no
2022-03-29T16:28:07+05:30,494,1.825674711,218.60959,0,42.73504,,,0,21,no
2022-03-29T16:28:23+05:30,495,1.979595,218.56996,0,42.36874,,,0,21,no
2022-03-29T16:28:40+05:30,496,2.472812776,218.71854,0,42.85714,,,0,21,no
2022-03-29T16:28:56+05:30,497,2.082343302,218.53265,0,41.51404,,,0,21,no
2022-03-29T16:29:12+05:30,498,1.892003578,218.83151,0,40.29304,,,0,21,no
2022-03-29T16:29:29+05:30,499,1.852791786,221.4496,0,39.68254,,,0,21,no
2022-03-29T16:29:45+05:30,500,2.242923504,221.18008,0,43.58974,,,0,21,no
2022-03-29T16:30:01+05:30,501,2.040942575,221.13802,0,41.02564,,,0,21,no
2022-03-29T16:30:18+05:30,502,2.072318256,221.38974,0,41.02564,,,0,21,no
2022-03-29T16:30:36+05:30,503,2.12234944,221.44327,0,0,,,0,21,no
2022-03-29T16:30:52+05:30,504,2.222876558,221.49678,0,39.07204,,,0,21,no
2022-03-29T16:31:09+05:30,505,1.887902448,221.28262,0,40.41514,,,0,22,no
2022-03-29T16:31:25+05:30,506,1.873334312,221.01234,0,41.39194,,,0,22,no
2022-03-29T16:31:42+05:30,507,2.312465229,220.98062,0,43.10134,,,0,22,no
2022-03-29T16:31:58+05:30,508,2.434486271,220.62971,0,43.22344,,,0,22,no
2022-03-29T16:32:15+05:30,509,1.95710605,221.08153,0,42.36874,,,0,22,no
2022-03-29T16:32:31+05:30,510,1.870170094,221.38628,0,43.83394,,,0,22,no
2022-03-29T16:32:48+05:30,511,2.22220116,221.5641,0,43.10134,,,0,22,no
2022-03-29T16:33:05+05:30,512,2.104581234,221.54051,0,41.02564,,,0,22,no
2022-03-29T16:33:21+05:30,513,2.155286924,221.52039,0,42.36874,,,0,22,no
2022-03-29T16:33:37+05:30,514,2.460464962,221.33215,0,42.36874,,,0,22,no
2022-03-29T16:33:54+05:30,515,2.35458244,221.7803,0,42.61294,,,0,22,no
2022-03-29T16:34:10+05:30,516,2.051095842,221.86189,0,42.73504,,,0,22,no
2022-03-29T16:34:27+05:30,517,2.206277336,221.47261,0,42.97924,,,0,22,no
2022-03-29T16:34:43+05:30,518,2.396505191,221.0135,0,42.61294,,,0,21,no
2022-03-29T16:35:00+05:30,519,2.190425937,221.37247,0,41.88034,,,0,23,no
2022-03-29T16:35:16+05:30,520,2.061574135,220.73424,0,42.00244,,,0,23,no
2022-03-29T16:35:32+05:30,521,2.213177107,220.78215,0,231.86813,,,1,23,no
2022-03-29T16:36:22+05:30,522,2.325294067,221.36555,0,40.41514,,,0,23,no
2022-03-29T16:36:38+05:30,523,2.123249199,221.34943,0,42.73504,,,0,23,no
2022-03-29T16:36:54+05:30,524,1.82144948,221.16452,0,42.73504,,,0,22,no
2022-03-29T16:37:11+05:30,525,2.025532754,220.9789,1,42.00244,,,1,23,yes
2022-03-29T16:38:00+05:30,526,1.97975713,220.43613,0,40.17094,,,0,23,no
2022-03-29T16:38:16+05:30,527,2.009597643,220.87506,0,39.43834,,,0,23,no
2022-03-29T16:38:32+05:30,528,1.925341817,220.85429,0,40.90354,,,0,22,no
2022-03-29T16:38:49+05:30,529,1.799691242,219.69324,0,41.14774,,,0,22,no
2022-03-29T16:39:05+05:30,530,1.909580682,220.72385,0,43.22344,,,0,22,no
2022-03-29T16:39:22+05:30,531,1.787989116,221.1311,0,43.22344,,,0,22,no
2022-03-29T16:39:38+05:30,532,1.873187602,221.02965,0,43.34554,,,0,22,no
2022-03-29T16:39:54+05:30,533,2.046427093,220.54536,0,44.93285,,,0,22,no
2022-03-29T16:40:11+05:30,534,1.808101906,220.73424,0,44.56654,,,0,22,no
2022-03-29T16:40:29+05:30,535,2.181756549,220.54248,0,42.36874,,,0,22,no
2022-03-29T16:40:45+05:30,536,2.348615392,220.7556,0,42.97924,,,0,22,no
2022-03-29T16:41:01+05:30,537,2.195932521,220.81735,0,42.12454,,,0,22,no
2022-03-29T16:41:18+05:30,538,2.206088077,221.49161,0,42.24664,,,0,22,no
2022-03-29T16:41:34+05:30,539,2.292620089,221.26649,0,41.75824,,,0,22,no
2022-03-29T16:41:50+05:30,540,1.83520428,221.53937,0,41.63614,,,0,22,no
2022-03-29T16:42:07+05:30,541,1.93189421,220.10522,0,41.75824,,,0,23,no
2022-03-29T16:42:23+05:30,542,2.4035008,220.37022,0,41.14774,,,0,23,no
2022-03-29T16:42:40+05:30,543,1.850611243,219.69498,0,41.88034,,,0,23,no
2022-03-29T16:42:59+05:30,544,2.518120028,219.22704,0,42.12454,,,0,23,no
2022-03-29T16:43:15+05:30,545,2.16443699,218.86061,0,41.02564,,,0,23,no
2022-03-29T16:43:31+05:30,546,1.974158814,219.17183,0,42.24664,,,0,23,no
2022-03-29T16:43:48+05:30,547,2.112696065,218.92406,0,42.36874,,,0,23,no
2022-03-29T16:44:04+05:30,548,1.873294779,219.02586,0,42.61294,,,0,23,no
2022-03-29T16:44:20+05:30,549,2.268154172,218.7197,0,42.24664,,,0,23,no
2022-03-29T16:44:37+05:30,550,2.250549062,218.77328,0,42.12454,,,0,23,no
2022-03-29T16:44:53+05:30,551,2.439159794,218.67776,0,42.36874,,,0,23,no
2022-03-29T16:45:10+05:30,552,2.182356291,218.77271,0,42.36874,,,0,23,no
2022-03-29T16:45:26+05:30,553,2.281268513,219.0974,0,43.34554,,,0,23,no
2022-03-29T16:45:42+05:30,554,2.503815132,218.98981,0,42.49084,,,0,23,no
2022-03-29T16:45:59+05:30,555,2.347951828,219.22937,0,42.97924,,,0,23,no
2022-03-29T16:46:15+05:30,556,1.936611387,219.56909,0,41.51404,,,0,23,no
2022-03-29T16:46:31+05:30,557,1.955191362,219.39029,0,41.63614,,,0,23,no
2022-03-29T16:46:48+05:30,558,1.920506986,219.46809,0,41.75824,,,0,23,no
2022-03-29T16:47:04+05:30,559,2.043236174,219.06425,0,41.88034,,,0,23,no
2022-03-29T16:47:20+05:30,560,1.919679436,219.5627,0,41.88034,,,0,23,no
2022-03-29T16:47:37+05:30,561,1.868591007,219.57721,0,41.75824,,,0,23,no
2022-03-29T16:47:53+05:30,562,2.382466434,219.18462,0,41.75824,,,0,23,no
2022-03-29T16:48:10+05:30,563,2.262731141,219.2439,0,41.88034,,,0,23,no
2022-03-29T16:48:26+05:30,564,2.023975078,219.30606,0,42.36874,,,0,24,no
2022-03-29T16:48:42+05:30,565,2.430150985,219.48842,0,42.36874,,,0,23,no
2022-03-29T16:48:59+05:30,566,1.805712084,218.96071,0,42.36874,,,0,23,no
2022-03-29T16:49:15+05:30,567,2.005877814,219.42513,0,42.24664,,,0,23,no
2022-03-29T16:49:32+05:30,568,2.527174159,219.91757,0,41.63614,,,0,23,no
2022-03-29T16:49:48+05:30,569,2.121650261,219.75818,0,42.61294,,,0,23,no
2022-04-04T16:40:05+05:30,570,2.357901059,216.72241,1,29.54823,,,1,58,yes
2022-04-04T16:40:23+05:30,571,8.690918913,55.79387,1,500,,,1,57,yes
2022-04-04T16:41:00+05:30,572,2.401744328,215.87227,0,29.91453,,,0,58,no
2022-04-04T16:41:18+05:30,573,1.88865304,215.26982,0,30.28083,,,0,57,no
2022-04-04T16:59:50+05:30,574,2.379063725,217.93027,0,36.75214,,,0,58,no
2022-04-04T17:00:06+05:30,575,2.173834532,217.91447,0,35.28693,,,0,58,no
2022-04-04T17:00:22+05:30,576,2.519904493,217.59158,0,34.79853,,,0,58,no
2022-04-04T17:00:39+05:30,577,2.307225163,218.24918,0,34.92064,,,0,59,no
2022-04-04T17:00:55+05:30,578,1.848054962,217.98053,0,35.04274,,,0,59,no
2022-04-04T17:01:12+05:30,579,2.124462293,217.71156,0,34.79853,,,0,58,no
2022-04-04T17:01:28+05:30,580,2.425491001,218.37228,0,34.55433,,,0,59,no
2022-04-04T17:01:44+05:30,581,1.893127093,218.70164,0,35.04274,,,0,59,no
2022-04-04T17:02:00+05:30,582,2.152702249,218.32095,0,35.28693,,,0,59,no
2022-04-04T17:02:17+05:30,583,2.044099109,218.97177,0,34.79853,,,0,59,no
2022-04-04T17:02:33+05:30,584,2.28532969,218.70805,0,34.92064,,,0,59,no
2022-04-04T17:02:49+05:30,585,2.181178129,218.89088,0,35.04274,,,0,59,no
2022-04-04T17:03:05+05:30,586,2.233683739,218.75523,0,34.92064,,,0,59,no
2022-04-04T17:03:22+05:30,587,1.994905702,218.76222,0,35.04274,,,0,59,no
2022-04-04T17:03:38+05:30,588,2.304711883,218.48718,0,35.16484,,,0,59,no
2022-04-04T17:03:55+05:30,589,2.063915484,218.67659,0,35.77534,,,0,59,no
2022-04-04T17:04:12+05:30,590,1.978924916,218.64397,0,35.53114,,,0,59,no
2022-04-04T17:04:28+05:30,591,1.826302778,218.53441,0,35.40903,,,0,59,no
2022-04-04T17:04:45+05:30,592,1.87551739,218.7663,0,35.28693,,,0,59,no
2022-04-04T17:05:01+05:30,593,2.37168998,218.60783,0,35.89743,,,0,59,no
2022-04-04T17:05:17+05:30,594,2.328630185,219.44661,0,36.38584,,,0,59,no
2022-04-04T17:05:34+05:30,595,2.393459101,218.17795,0,35.16484,,,0,59,no
2022-04-04T17:05:50+05:30,596,1.992504447,219.02586,0,35.53114,,,0,59,no
2022-04-04T17:06:07+05:30,597,1.907071008,219.05844,0,35.53114,,,0,59,no
2022-04-04T17:06:23+05:30,598,2.316190293,219.01482,0,35.53114,,,0,59,no
2022-04-04T17:06:40+05:30,599,2.126734201,219.23285,0,35.40903,,,0,59,no
2022-04-04T17:06:57+05:30,600,1.92750965,218.67076,0,35.89743,,,0,59,no
2022-04-04T17:07:13+05:30,601,1.853765416,219.32117,0,36.14164,,,0,59,no
2022-04-04T17:07:29+05:30,602,1.991362412,219.15147,0,36.26374,,,0,59,no
2022-04-04T17:07:46+05:30,603,2.236973417,218.43353,0,35.40903,,,0,59,no
2022-04-04T17:08:02+05:30,604,2.50214079,219.13635,0,36.87424,,,0,59,no
2022-04-04T17:08:19+05:30,605,2.101177954,218.34895,0,37.24054,,,0,59,no
2022-04-04T17:08:35+05:30,606,2.511439023,218.32503,0,36.50794,,,0,59,no
2022-04-04T17:08:52+05:30,607,2.460244326,218.31978,0,36.75214,,,0,59,no
2022-04-04T17:09:08+05:30,608,2.526579683,218.49301,0,36.87424,,,0,60,no
2022-04-04T17:09:24+05:30,609,2.18483521,218.52449,0,36.87424,,,0,60,no
2022-04-04T17:09:41+05:30,610,2.540385766,218.77386,0,36.99634,,,0,60,no
2022-04-04T17:09:58+05:30,611,1.873473807,219.00493,0,36.38584,,,0,60,no
2022-04-04T17:10:14+05:30,612,2.333760496,218.9642,0,36.75214,,,0,60,no
2022-04-04T17:10:30+05:30,613,2.164805538,218.82335,0,37.11844,,,0,60,no
2022-04-04T17:10:47+05:30,614,2.537624668,219.0119,0,36.87424,,,0,60,no
2022-04-04T17:11:03+05:30,615,2.250231646,218.80414,0,36.26374,,,0,60,no
2022-04-04T17:11:20+05:30,616,1.941471231,219.01947,0,37.11844,,,0,60,no
2022-04-04T17:11:36+05:30,617,2.232756771,218.84605,0,37.24054,,,0,60,no
2022-04-04T17:11:52+05:30,618,1.948391319,218.24158,0,36.75214,,,0,60,no
2022-04-04T17:12:09+05:30,619,2.015607933,218.36588,0,37.48474,,,0,60,no
2022-04-04T17:12:25+05:30,620,2.148325615,218.76572,0,37.72894,,,0,59,no
2022-04-04T17:12:42+05:30,621,2.527254256,218.43469,0,32.96703,,,0,59,no
2022-04-04T17:12:58+05:30,622,2.501026187,219.23401,0,37.48474,,,0,59,no
2022-04-04T17:13:15+05:30,623,2.436745978,218.89438,0,37.85104,,,0,59,no
2022-04-04T17:13:31+05:30,624,2.114788306,218.70747,0,37.85104,,,0,59,no
2022-04-04T17:13:47+05:30,625,1.808530429,218.61949,0,37.11844,,,0,60,no
2022-04-04T17:14:04+05:30,626,2.457788786,218.5379,0,37.11844,,,0,60,no
2022-04-04T17:14:20+05:30,627,2.38567633,218.88971,0,37.48474,,,0,60,no
2022-04-04T17:14:36+05:30,628,2.264869216,219.03693,0,37.11844,,,0,60,no
2022-04-04T17:14:53+05:30,629,1.873239957,219.03227,0,37.24054,,,0,60,no
2022-04-04T17:15:09+05:30,630,2.334225712,218.92056,0,37.48474,,,0,60,no
2022-04-04T17:18:14+05:30,631,2.421183089,220.30139,0,41.63614,,,0,59,no
2022-04-04T17:18:31+05:30,632,2.309074397,219.68976,0,39.56044,,,0,59,no
2022-04-04T17:18:47+05:30,633,2.393650974,219.71875,0,38.94994,,,0,59,no
2022-04-04T17:19:03+05:30,634,2.271719402,220.01837,1,37.97314,,,1,59,yes
2022-04-04T17:19:40+05:30,635,1.846428738,220.19263,0,38.58364,,,0,59,no
2022-04-04T17:19:57+05:30,636,2.476461046,219.90251,0,38.82784,,,0,59,no
2022-04-04T17:20:13+05:30,637,2.373638198,219.99983,0,37.72894,,,0,59,no
2022-04-04T17:20:30+05:30,638,2.455393867,220.27016,0,38.33944,,,0,59,no
2022-04-04T17:20:46+05:30,639,2.220088798,220.0948,1,37.48474,,,1,59,yes
2022-04-04T17:21:02+05:30,640,26.88866294,15.95282,0,40.29304,,,0,59,no
2022-04-04T17:23:11+05:30,641,1.811859022,220.27652,0,42.49084,,,0,58,no
2022-04-04T17:23:27+05:30,642,2.187155352,219.99809,0,39.07204,,,0,59,no
2022-04-04T17:23:43+05:30,643,1.796643968,220.06586,0,38.94994,,,0,59,no
2022-04-04T17:24:00+05:30,644,2.224369978,219.67119,0,37.24054,,,0,59,no
2022-04-04T17:24:16+05:30,645,2.391071188,219.95581,0,37.85104,,,0,59,no
2022-04-04T17:24:33+05:30,646,2.378958236,221.07576,0,37.11844,,,0,60,no
2022-04-04T17:24:49+05:30,647,2.001804948,221.73489,0,36.38584,,,0,60,no
2022-04-04T17:25:06+05:30,648,2.375788344,221.37073,0,37.36264,,,0,60,no
2022-04-04T17:25:22+05:30,649,1.866576669,221.81248,0,38.33944,,,0,60,no
2022-04-04T17:25:38+05:30,650,2.236737437,221.79179,0,36.99634,,,0,60,no
2022-04-04T17:25:54+05:30,651,2.475791374,221.46858,0,36.50794,,,0,60,no
2022-04-04T17:26:11+05:30,652,2.174294879,221.29933,0,35.53114,,,0,60,no
2022-04-04T17:26:27+05:30,653,1.956504183,221.14954,0,34.55433,,,0,60,no
2022-04-04T17:26:43+05:30,654,2.158052192,221.23654,0,36.50794,,,0,60,no
2022-04-04T17:27:00+05:30,655,2.240782007,221.39146,0,40.17094,,,0,60,no
2022-04-04T17:27:16+05:30,656,1.839671687,221.00139,0,41.02564,,,0,60,no
2022-04-04T17:27:32+05:30,657,1.806949141,220.87506,0,41.02564,,,0,60,no
2022-04-04T17:27:49+05:30,658,2.394257435,221.22099,0,41.02564,,,0,60,no
2022-04-04T17:28:05+05:30,659,2.027777838,220.73424,0,41.63614,,,0,60,no
2022-04-04T17:28:22+05:30,660,2.301370678,220.42516,0,41.14774,,,0,60,no
2022-04-04T17:28:38+05:30,661,2.299514064,220.60313,0,41.02564,,,0,60,no
2022-04-04T17:28:54+05:30,662,2.291635769,221.36153,0,41.39194,,,0,60,no
2022-04-04T17:29:11+05:30,663,1.785821397,221.39952,0,41.02564,,,0,60,no
2022-04-04T17:29:27+05:30,664,2.090776269,221.21927,0,41.88034,,,0,60,no
2022-04-04T17:29:44+05:30,665,2.273809981,221.4565,0,41.88034,,,0,60,no
2022-04-04T17:30:00+05:30,666,2.425151574,221.47894,0,41.02564,,,0,60,no
2022-04-04T17:30:16+05:30,667,2.07378018,221.23367,0,41.63614,,,0,60,no
2022-04-04T17:30:34+05:30,668,1.855508735,221.12534,0,41.14774,,,0,60,no
2022-04-04T17:30:50+05:30,669,2.324798159,221.41277,0,42.36874,,,0,60,no
2022-04-04T17:31:07+05:30,670,2.174928883,221.23482,0,44.20024,,,0,59,no
2022-04-04T17:31:23+05:30,671,2.3977755,220.89641,0,41.75824,,,0,59,no
2022-04-04T17:31:40+05:30,672,2.262205156,220.94371,0,41.75824,,,0,59,no
2022-04-04T17:31:56+05:30,673,1.85874288,220.74059,0,42.12454,,,0,59,no
2022-04-04T17:32:12+05:30,674,2.198013003,220.60834,0,41.88034,,,0,59,no
2022-04-04T17:32:28+05:30,675,2.089894754,221.31258,0,41.88034,,,0,59,no
2022-04-04T17:32:45+05:30,676,2.211362501,220.96332,0,41.51404,,,0,59,no
2022-04-04T17:33:01+05:30,677,2.359227169,221.34367,0,42.85714,,,0,60,no
2022-04-04T17:33:17+05:30,678,2.040134596,221.2256,0,42.36874,,,0,60,no
2022-04-04T17:33:34+05:30,679,2.025321313,221.00197,0,42.49084,,,0,60,no
2022-04-04T17:33:50+05:30,680,1.858927728,220.71864,0,42.36874,,,0,60,no
2022-04-04T17:34:07+05:30,681,2.009828677,220.84967,1,42.61294,,,1,60,yes
2022-04-04T17:34:39+05:30,682,2.382601613,220.7377,0,43.22344,,,0,60,no
2022-04-04T17:34:55+05:30,683,2.031707201,222.14323,0,42.61294,,,0,60,no
2022-04-04T17:35:12+05:30,684,2.184259422,221.99744,0,42.49084,,,0,59,no
2022-04-04T17:35:28+05:30,685,2.117133551,221.98883,0,42.12454,,,0,59,no
2022-04-04T17:35:44+05:30,686,2.030852324,222.23674,0,42.61294,,,0,59,no
2022-04-04T17:36:00+05:30,687,2.350401681,222.17479,0,42.61294,,,0,59,no
2022-04-04T17:36:17+05:30,688,1.831905617,221.93829,0,42.73504,,,0,59,no
2022-04-04T17:36:33+05:30,689,1.798981823,221.85327,0,43.34554,,,0,59,no
2022-04-04T17:36:50+05:30,690,2.334119477,222.12659,0,43.46764,,,0,59,no
2022-04-04T17:37:07+05:30,691,1.988351784,221.35922,0,43.10134,,,0,59,no
2022-04-04T17:37:23+05:30,692,1.961961579,220.53439,0,42.61294,,,0,59,no
2022-04-04T17:37:40+05:30,693,2.142917211,221.05847,0,42.85714,,,0,59,no
2022-04-04T17:37:56+05:30,694,2.430594979,220.98293,0,43.22344,,,0,59,no
2022-04-04T17:38:13+05:30,695,1.924015113,221.00658,0,42.85714,,,0,59,no
2022-04-04T17:38:29+05:30,696,2.51852254,220.67303,0,42.97924,,,0,59,no
2022-04-04T17:38:45+05:30,697,2.444210229,221.27802,0,43.22344,,,0,59,no
2022-04-04T17:39:01+05:30,698,2.370356896,221.87798,0,42.61294,,,0,59,no
2022-04-04T17:39:18+05:30,699,2.173497469,221.38052,0,43.34554,,,0,59,no
2022-04-05T13:13:55+05:30,700,2.153756216,219.94597,0,29.30403,,,0,58,no
2022-04-05T13:14:11+05:30,701,2.099052,220.34709,0,30.03663,,,0,57,no
2022-04-05T13:14:29+05:30,702,2.294992909,221.03772,0,30.15873,,,0,57,no
2022-04-05T13:14:45+05:30,703,2.211812845,220.91833,0,30.64713,,,0,57,no
2022-04-05T13:15:02+05:30,704,1.989392228,221.24345,0,31.25763,,,0,57,no
2022-04-05T13:15:18+05:30,705,2.088693894,221.43982,1,30.15873,,,1,57,yes
2022-04-05T13:15:51+05:30,706,2.483141495,223.81729,0,30.76923,,,0,57,no
2022-04-05T13:16:08+05:30,707,2.099645368,223.8378,0,31.25763,,,0,57,no
2022-04-05T13:16:24+05:30,708,2.249059174,223.89362,0,31.50183,,,0,57,no
2022-04-05T13:16:40+05:30,709,2.012646859,224.24699,0,31.62393,,,0,57,no
2022-04-05T13:16:57+05:30,710,1.850469563,223.74321,0,31.86813,,,0,57,no
2022-04-05T13:17:13+05:30,711,2.081864028,223.95795,0,31.86813,,,0,57,no
2022-04-05T13:17:29+05:30,712,2.018222267,223.6275,0,32.35653,,,0,57,no
2022-04-05T13:17:46+05:30,713,1.925507655,222.77242,0,32.47863,,,0,57,no
2022-04-05T13:18:02+05:30,714,1.873751843,222.95375,0,33.08913,,,0,57,no
2022-04-05T13:18:19+05:30,715,2.338779198,223.27888,0,33.21124,,,0,57,no
2022-04-05T13:18:35+05:30,716,1.824142226,222.88284,0,32.96703,,,0,57,no
2022-04-05T13:18:51+05:30,717,2.433665869,223.76942,0,33.21124,,,0,56,no
2022-04-05T13:19:08+05:30,718,1.956403155,223.06752,0,33.21124,,,0,57,no
2022-04-05T13:19:26+05:30,719,2.032353935,223.90785,0,33.21124,,,0,57,no
2022-04-05T13:19:43+05:30,720,2.296720349,224.11958,0,43.83394,,,0,57,no
2022-04-05T13:19:59+05:30,721,2.256359546,223.16922,0,33.45543,,,0,57,no
2022-04-05T13:20:16+05:30,722,2.053314755,223.43871,0,33.82174,,,0,57,no
2022-04-05T13:20:32+05:30,723,2.269532078,223.51744,0,34.06593,,,0,57,no
2022-04-05T13:20:49+05:30,724,1.803182238,223.40504,0,34.18803,,,0,57,no
2022-04-05T13:21:06+05:30,725,1.968876506,223.54881,0,34.67643,,,0,57,no
2022-04-05T13:21:22+05:30,726,2.441179796,223.08066,0,34.55433,,,0,57,no
2022-04-05T13:21:39+05:30,727,2.440998483,223.09723,0,34.55433,,,0,57,no
2022-04-05T13:21:55+05:30,728,2.454049181,223.43073,0,34.43224,,,0,57,no
2022-04-05T13:22:12+05:30,729,2.331729254,223.95396,0,34.92064,,,0,57,no
2022-04-05T13:22:29+05:30,730,2.431771588,223.94373,0,34.92064,,,0,57,no
2022-04-05T13:22:45+05:30,731,2.490237679,223.1795,0,34.79853,,,0,57,no
2022-04-05T13:23:01+05:30,732,1.984281586,223.69305,0,36.14164,,,0,57,no
2022-04-05T13:23:18+05:30,733,2.036018184,223.50488,0,35.40903,,,0,57,no
2022-04-05T13:23:34+05:30,734,1.916235728,223.85033,0,35.89743,,,0,57,no
2022-04-05T13:23:51+05:30,735,2.369694751,223.51402,0,36.14164,,,0,57,no
2022-04-05T13:24:07+05:30,736,1.764532749,224.07065,0,36.26374,,,0,57,no
2022-04-05T13:24:23+05:30,737,1.950306228,223.76486,0,36.01954,,,0,56,no
2022-04-05T13:24:39+05:30,738,2.077264065,224.45389,0,36.01954,,,0,57,no
2022-04-05T13:24:56+05:30,739,1.783145697,223.82355,0,35.89743,,,0,57,no
2022-04-05T13:25:12+05:30,740,2.395653463,224.20605,0,36.01954,,,0,57,no
2022-04-05T13:25:29+05:30,741,2.114545035,224.02455,0,36.50794,,,0,57,no
2022-04-05T13:25:45+05:30,742,2.040050515,224.89149,0,36.63004,,,0,57,no
2022-04-05T13:26:01+05:30,743,2.42754757,224.3334,0,36.75214,,,0,57,no
2022-04-05T13:26:18+05:30,744,2.475716578,224.48854,0,37.11844,,,0,57,no
2022-04-05T13:26:34+05:30,745,2.309362559,224.50784,0,37.11844,,,0,57,no
2022-04-05T13:26:51+05:30,746,1.934656991,223.64688,0,36.99634,,,0,57,no
2022-04-05T13:27:07+05:30,747,1.964051792,224.09796,0,36.38584,,,0,57,no
2022-04-05T13:27:23+05:30,748,2.100420553,223.75519,0,37.11844,,,0,57,no
2022-04-05T13:27:40+05:30,749,2.379844065,224.12813,0,36.87424,,,0,57,no
2022-04-05T13:27:58+05:30,750,2.131644496,223.97731,0,36.99634,,,0,57,no
2022-04-05T13:28:14+05:30,751,2.112345702,224.2578,0,37.11844,,,0,57,no
2022-04-05T13:28:31+05:30,752,1.947966212,224.03366,0,37.11844,,,0,57,no
2022-04-05T13:28:47+05:30,753,1.764429673,224.08374,0,37.11844,,,0,57,no
2022-04-05T13:29:03+05:30,754,1.847540245,224.09796,0,36.87424,,,0,57,no
2022-04-05T13:29:20+05:30,755,2.452396401,223.58131,0,37.48474,,,0,56,no
2022-04-05T13:29:36+05:30,756,2.290719625,223.07837,0,37.11844,,,0,56,no
2022-04-05T13:29:52+05:30,757,2.190199776,223.09837,0,37.72894,,,0,56,no
2022-04-05T13:30:09+05:30,758,2.427121945,222.83594,0,37.11844,,,0,56,no
2022-04-05T13:30:25+05:30,759,1.913182236,222.25797,0,37.97314,,,0,56,no
